<config xmlns:xsi='http://www.w3.org/2001/XMLSchema-instance'
	xmlns='http://www.ehcache.org/v3'
	xsi:schemaLocation="http://www.ehcache.org/v3 http://www.ehcache.org/schema/ehcache-core.xsd">

	<cache-template name="bluePrint">
		<key-type>java.lang.Integer</key-type>
		<value-type>java.lang.String</value-type>
		<heap unit="entries">20</heap>
	</cache-template>
	
	<cache alias="addressTypeCache" uses-template="bluePrint" />
	
	<cache alias="annualRevenueRangeCache" uses-template="bluePrint" />
	
	<cache alias="legalEntityTypeCache" uses-template="bluePrint" />
	
	<cache alias="ownershipStructTypeCache" uses-template="bluePrint" />
	
	<cache alias="phoneTypeCache" uses-template="bluePrint" />
	
	<cache alias="businessStatusCache" uses-template="bluePrint" />
	
	<cache alias="businessStatusSubtypeCache" uses-template="bluePrint" />
	
	<cache alias="taxIdTypeCache" uses-template="bluePrint" />
	
	<cache alias="trustAssetSourceCache" uses-template="bluePrint" />
	
	<cache alias="trustTypeCache" uses-template="bluePrint" />
	
	<cache alias="highRiskIndustryCodeCache" uses-template="bluePrint">
		<resources>
			<heap unit="entries">50</heap>
		</resources>
	</cache>

</config>